{"mean_reward": 974.0, "std_reward": 439.9874998224381, "is_deterministic": false, "n_eval_episodes": 10, "eval_datetime": "2025-04-16T18:12:42.423448"}