{"count":1,"self":1760.5648383999999,"total":3456.711407,"children":{"InitializeActuators":{"count":16,"self":0.000928,"total":0.000928,"children":null},"InitializeSensors":{"count":16,"self":0.0016359999999999999,"total":0.0016359999999999999,"children":null},"AgentSendState":{"count":937751,"self":94.7634752,"total":188.67764699999998,"children":{"CollectObservations":{"count":3000816,"self":1.231588,"total":1.231588,"children":null},"WriteActionMask":{"count":3000816,"self":0.440638,"total":0.440638,"children":null},"RequestDecision":{"count":3000816,"self":2.2572449999999997,"total":92.241942999999992,"children":{"AgentInfo.ToProto":{"count":3000816,"self":1.9023869999999998,"total":89.984698,"children":{"GenerateSensorData":{"count":3000816,"self":77.8437568,"total":88.08231099999999,"children":{"RayPerceptionSensor.Perceive":{"count":9002448,"self":10.238552,"total":10.238552,"children":null}}}}}}}}},"DecideAction":{"count":937751,"self":1488.1281024,"total":1488.128076,"children":null},"AgentAct":{"count":937751,"self":18.718422399999998,"total":19.313603,"children":{"AgentInfo.ToProto":{"count":2930,"self":0.007546,"total":0.59517999999999993,"children":{"GenerateSensorData":{"count":2930,"self":0.575502,"total":0.587634,"children":{"RayPerceptionSensor.Perceive":{"count":8790,"self":0.012131999999999999,"total":0.012131999999999999,"children":null}}}}}}},"AgentInfo.ToProto":{"count":106,"self":0.000257,"total":0.022982,"children":{"GenerateSensorData":{"count":106,"self":0.022299,"total":0.022725,"children":{"RayPerceptionSensor.Perceive":{"count":318,"self":0.000426,"total":0.000426,"children":null}}}}}},"gauges":{"Pyramids.CumulativeReward":{"count":3036,"max":1.93680012,"min":-0.99994123,"runningAverage":-0.9150912,"value":-0.99994123,"weightedAverage":-0.9996264}},"metadata":{"timer_format_version":"0.1.0","start_time_seconds":"1744938276","unity_version":"2021.3.5f1","command_line_arguments":".\/training-envs-executables\/linux\/Pyramids\/Pyramids -nographics -batchmode --mlagents-port 5005 -logFile \/app\/results\/Pyramids-Training\/run_logs\/Player-0.log","communication_protocol_version":"1.5.0","com.unity.ml-agents_version":"2.2.1-exp.1","scene_name":"Pyramids","end_time_seconds":"1744941733"}}